Date,Silver_PKR_per_Ounce
2017-01-02,1669.48
2017-01-03,1705.93
2017-01-04,1718.27
2017-01-05,1722.06
2017-01-06,1728.67
2017-01-09,1728.37
2017-01-10,1757.62
2017-01-11,1747.06
2017-01-12,1766.06
2017-01-13,1762.0
2017-01-16,1761.6
2017-01-17,1797.69
2017-01-18,1787.52
2017-01-19,1781.77
2017-01-20,1781.45
2017-01-23,1796.01
2017-01-24,1791.4
2017-01-25,1781.19
2017-01-26,1767.85
2017-01-27,1797.37
2017-01-30,1791.63
2017-01-31,1832.49
2017-02-01,1840.18
2017-02-02,1828.41
2017-02-03,1833.14
2017-02-06,1856.43
2017-02-07,1852.73
2017-02-08,1852.7
2017-02-09,1853.55
2017-02-10,1880.95
2017-02-13,1880.05
2017-02-14,1890.04
2017-02-15,1877.24
2017-02-16,1887.54
2017-02-17,1885.85
2017-02-20,1894.14
2017-02-21,1884.94
2017-02-22,1879.39
2017-02-23,1906.26
2017-02-24,1942.92
2017-02-27,1918.03
2017-02-28,1918.26
2017-03-01,1925.38
2017-03-02,1871.08
2017-03-03,1882.73
2017-03-06,1862.12
2017-03-07,1836.11
2017-03-08,1807.4
2017-03-09,1771.77
2017-03-10,1773.65
2017-03-13,1775.15
2017-03-14,1773.9
2017-03-15,1798.15
2017-03-16,1807.64
2017-03-17,1824.04
2017-03-20,1831.26
2017-03-21,1837.67
2017-03-22,1835.46
2017-03-23,1843.06
2017-03-24,1863.56
2017-03-27,1892.39
2017-03-28,1902.5
2017-03-29,1909.3
2017-03-30,1909.58
2017-03-31,1914.09
2017-04-03,1916.04
2017-04-04,1916.39
2017-04-05,1921.96
2017-04-06,1915.6
2017-04-07,1887.06
2017-04-10,1884.1
2017-04-11,1924.34
2017-04-12,1940.91
2017-04-13,1942.17
2017-04-14,1948.19
2017-04-17,1925.73
2017-04-18,1907.55
2017-04-19,1910.84
2017-04-20,1894.95
2017-04-21,1875.69
2017-04-24,1882.93
2017-04-25,1839.7
2017-04-26,1825.14
2017-04-27,1817.14
2017-04-28,1810.43
2017-05-01,1777.39
2017-05-02,1766.89
2017-05-03,1730.79
2017-05-04,1708.34
2017-05-05,1712.13
2017-05-08,1711.82
2017-05-09,1702.26
2017-05-10,1696.42
2017-05-11,1712.52
2017-05-12,1716.86
2017-05-15,1746.61
2017-05-16,1768.92
2017-05-17,1765.38
2017-05-18,1752.77
2017-05-19,1760.75
2017-05-22,1801.31
2017-05-23,1798.92
2017-05-24,1797.79
2017-05-25,1798.98
2017-05-26,1821.05
2017-05-29,1826.43
2017-05-30,1819.84
2017-05-31,1814.56
2017-06-01,1807.59
2017-06-02,1828.9
2017-06-05,1834.96
2017-06-06,1851.9
2017-06-07,1831.88
2017-06-08,1834.83
2017-06-09,1801.86
2017-06-12,1776.38
2017-06-13,1766.98
2017-06-14,1778.61
2017-06-15,1757.12
2017-06-16,1749.01
2017-06-19,1738.39
2017-06-20,1735.24
2017-06-21,1730.56
2017-06-22,1742.92
2017-06-23,1748.18
2017-06-26,1738.01
2017-06-27,1739.43
2017-06-28,1760.18
2017-06-29,1740.08
2017-06-30,1739.19
2017-07-03,1698.42
2017-07-04,1694.86
2017-07-05,1685.25
2017-07-06,1680.44
2017-07-07,1652.31
2017-07-10,1650.42
2017-07-11,1669.89
2017-07-12,1679.71
2017-07-13,1650.17
2017-07-14,1677.58
2017-07-17,1692.91
2017-07-18,1715.26
2017-07-19,1715.54
2017-07-20,1699.38
2017-07-21,1736.79
2017-07-24,1734.44
2017-07-25,1730.46
2017-07-26,1737.16
2017-07-27,1751.85
2017-07-28,1758.71
2017-07-31,1755.02
2017-08-01,1757.97
2017-08-02,1742.65
2017-08-03,1752.35
2017-08-04,1713.94
2017-08-07,1714.61
2017-08-08,1745.61
2017-08-09,1779.05
2017-08-10,1796.99
2017-08-11,1790.66
2017-08-14,1790.37
2017-08-15,1759.2
2017-08-16,1791.01
2017-08-17,1792.44
2017-08-18,1790.05
2017-08-21,1786.38
2017-08-22,1785.19
2017-08-23,1791.08
2017-08-24,1785.6
2017-08-25,1781.5
2017-08-28,1837.17
2017-08-29,1838.2
2017-08-30,1838.56
2017-08-31,1839.11
2017-09-01,1873.98
2017-09-04,1876.02
2017-09-05,1889.29
2017-09-06,1878.91
2017-09-07,1904.19
2017-09-08,1899.25
2017-09-11,1882.73
2017-09-12,1878.19
2017-09-13,1886.59
2017-09-14,1878.8
2017-09-15,1853.55
2017-09-18,1814.39
2017-09-19,1823.67
2017-09-20,1804.56
2017-09-21,1785.76
2017-09-22,1793.29
2017-09-25,1804.71
2017-09-26,1771.94
2017-09-27,1768.67
2017-09-28,1776.73
2017-09-29,1764.55
2017-10-02,1750.88
2017-10-03,1756.98
2017-10-04,1750.88
2017-10-05,1756.22
2017-10-06,1766.44
2017-10-09,1786.56
2017-10-10,1801.62
2017-10-11,1803.15
2017-10-12,1816.08
2017-10-13,1834.68
2017-10-16,1814.68
2017-10-17,1796.24
2017-10-18,1782.95
2017-10-19,1814.53
2017-10-20,1795.69
2017-10-23,1801.6
2017-10-24,1781.31
2017-10-25,1783.07
2017-10-26,1768.22
2017-10-27,1778.29
2017-10-30,1775.96
2017-10-31,1757.48
2017-11-01,1806.82
2017-11-02,1803.56
2017-11-03,1780.22
2017-11-06,1808.29
2017-11-07,1787.17
2017-11-08,1793.65
2017-11-09,1788.52
2017-11-10,1773.55
2017-11-13,1794.11
2017-11-14,1782.04
2017-11-15,1791.86
2017-11-16,1799.25
2017-11-17,1823.51
2017-11-20,1792.51
2017-11-21,1787.05
2017-11-22,1791.12
2017-11-23,1800.57
2017-11-24,1793.17
2017-11-27,1804.99
2017-11-28,1785.05
2017-11-29,1746.53
2017-11-30,1732.49
2017-12-01,1734.02
2017-12-04,1722.92
2017-12-05,1705.44
2017-12-06,1686.92
2017-12-07,1659.33
2017-12-08,1678.09
2017-12-11,1693.61
2017-12-12,1713.68
2017-12-13,1743.19
2017-12-14,1754.31
2017-12-15,1770.62
2017-12-18,1774.02
2017-12-19,1780.72
2017-12-20,1790.49
2017-12-21,1786.71
2017-12-22,1811.79
2017-12-25,1804.06
2017-12-26,1830.6
2017-12-27,1846.03
2017-12-28,1864.02
2017-12-29,1872.05
2018-01-01,1878.83
2018-01-02,1904.91
2018-01-03,1894.4
2018-01-04,1901.22
2018-01-05,1910.62
2018-01-08,1895.96
2018-01-09,1873.9
2018-01-10,1880.6
2018-01-11,1883.99
2018-01-12,1905.72
2018-01-15,1921.96
2018-01-16,1899.86
2018-01-17,1889.4
2018-01-18,1879.78
2018-01-19,1882.22
2018-01-22,1884.57
2018-01-23,1889.31
2018-01-24,1936.8
2018-01-25,1916.31
2018-01-26,1924.95
2018-01-29,1899.3
2018-01-30,1897.15
2018-01-31,1919.92
2018-02-01,1903.52
2018-02-02,1835.68
2018-02-05,1855.25
2018-02-06,1846.06
2018-02-07,1818.22
2018-02-08,1819.26
2018-02-09,1810.98
2018-02-12,1833.46
2018-02-13,1837.08
2018-02-14,1871.32
2018-02-15,1866.35
2018-02-16,1840.98
2018-02-19,1843.79
2018-02-20,1821.91
2018-02-21,1829.81
2018-02-22,1836.88
2018-02-23,1828.47
2018-02-26,1839.66
2018-02-27,1818.28
2018-02-28,1816.15
2018-03-01,1823.08
2018-03-02,1825.55
2018-03-05,1819.08
2018-03-06,1857.82
2018-03-07,1825.92
2018-03-08,1825.24
2018-03-09,1838.2
2018-03-12,1833.02
2018-03-13,1832.75
2018-03-14,1833.03
2018-03-15,1814.96
2018-03-16,1805.95
2018-03-19,1805.45
2018-03-20,1790.61
2018-03-21,1905.69
2018-03-22,1904.02
2018-03-23,1913.49
2018-03-26,1930.32
2018-03-27,1912.54
2018-03-28,1886.65
2018-03-29,1890.95
2018-03-30,1893.53
2018-04-02,1920.22
2018-04-03,1900.09
2018-04-04,1887.89
2018-04-05,1901.17
2018-04-06,1891.64
2018-04-09,1903.11
2018-04-10,1917.21
2018-04-11,1927.75
2018-04-12,1906.95
2018-04-13,1925.41
2018-04-16,1933.58
2018-04-17,1937.19
2018-04-18,1989.95
2018-04-19,1994.47
2018-04-20,1978.78
2018-04-23,1926.7
2018-04-24,1937.5
2018-04-25,1918.63
2018-04-26,1915.24
2018-04-27,1910.62
2018-04-30,1890.09
2018-05-01,1876.29
2018-05-02,1896.01
2018-05-03,1902.41
2018-05-04,1912.93
2018-05-07,1909.38
2018-05-08,1909.56
2018-05-09,1907.4
2018-05-10,1934.34
2018-05-11,1925.39
2018-05-14,1912.38
2018-05-15,1884.68
2018-05-16,1895.04
2018-05-17,1902.42
2018-05-18,1904.45
2018-05-21,1909.44
2018-05-22,1925.31
2018-05-23,1904.51
2018-05-24,1927.22
2018-05-25,1907.04
2018-05-28,1909.2
2018-05-29,1899.67
2018-05-30,1909.91
2018-05-31,1902.31
2018-06-01,1896.17
2018-06-04,1901.7
2018-06-05,1907.57
2018-06-06,1930.6
2018-06-07,1936.33
2018-06-08,1941.54
2018-06-11,1957.22
2018-06-12,1947.92
2018-06-13,2009.76
2018-06-14,2012.15
2018-06-15,1984.87
2018-06-18,1981.0
2018-06-19,1978.86
2018-06-20,1983.25
2018-06-21,1986.48
2018-06-22,2000.67
2018-06-25,1984.63
2018-06-26,1981.09
2018-06-27,1956.95
2018-06-28,1949.97
2018-06-29,1959.32
2018-07-02,1930.04
2018-07-03,1951.95
2018-07-04,1958.67
2018-07-05,1952.35
2018-07-06,1949.84
2018-07-09,1958.96
2018-07-10,1948.75
2018-07-11,1922.31
2018-07-12,1938.1
2018-07-13,1921.93
2018-07-16,1919.79
2018-07-17,1983.95
2018-07-18,1986.82
2018-07-19,1975.2
2018-07-20,1993.53
2018-07-23,1987.73
2018-07-24,2000.48
2018-07-25,2017.15
2018-07-26,1988.64
2018-07-27,1999.61
2018-07-30,1885.03
2018-07-31,1916.7
2018-08-01,1902.7
2018-08-02,1886.83
2018-08-03,1913.66
2018-08-06,1901.7
2018-08-07,1901.63
2018-08-08,1904.83
2018-08-09,1904.73
2018-08-10,1898.15
2018-08-13,1856.37
2018-08-14,1865.64
2018-08-15,1823.84
2018-08-16,1812.47
2018-08-17,1830.49
2018-08-20,1818.65
2018-08-21,1815.18
2018-08-22,1808.38
2018-08-23,1785.95
2018-08-24,1808.9
2018-08-27,1833.29
2018-08-28,1816.1
2018-08-29,1817.73
2018-08-30,1791.24
2018-08-31,1787.9
2018-09-03,1784.03
2018-09-04,1745.59
2018-09-05,1749.13
2018-09-06,1745.81
2018-09-07,1746.27
2018-09-10,1747.27
2018-09-11,1740.18
2018-09-12,1754.41
2018-09-13,1752.75
2018-09-14,1742.03
2018-09-17,1742.15
2018-09-18,1747.86
2018-09-19,1758.04
2018-09-20,1769.2
2018-09-21,1769.44
2018-09-24,1759.68
2018-09-25,1790.91
2018-09-26,1775.36
2018-09-28,1810.99
2018-10-01,1786.27
2018-10-02,1818.91
2018-10-03,1807.59
2018-10-04,1802.06
2018-10-05,1808.42
2018-10-08,1774.13
2018-10-09,1770.72
2018-10-10,1834.39
2018-10-11,1922.51
2018-10-12,1945.78
2018-10-15,1940.25
2018-10-16,1936.17
2018-10-17,1940.7
2018-10-18,1938.08
2018-10-19,1951.57
2018-10-22,1936.24
2018-10-23,1972.35
2018-10-24,1962.31
2018-10-25,1933.18
2018-10-26,1963.93
2018-10-29,1925.46
2018-10-30,1917.46
2018-10-31,1907.1
2018-11-01,1965.86
2018-11-02,1965.78
2018-11-05,1957.4
2018-11-06,1943.73
2018-11-07,1947.4
2018-11-08,1922.91
2018-11-09,1896.7
2018-11-12,1882.27
2018-11-13,1865.32
2018-11-14,1898.63
2018-11-15,1915.27
2018-11-16,1930.6
2018-11-19,1935.02
2018-11-20,1925.13
2018-11-21,1946.8
2018-11-22,1950.46
2018-11-23,1920.94
2018-11-26,1915.93
2018-11-27,1906.02
2018-11-28,1926.18
2018-11-29,1921.35
2018-11-30,1902.48
2018-12-03,2000.2
2018-12-04,2000.22
2018-12-05,2008.56
2018-12-06,2006.04
2018-12-07,2029.5
2018-12-10,2019.87
2018-12-11,2032.33
2018-12-12,2050.08
2018-12-13,2057.18
2018-12-14,2025.64
2018-12-17,2046.99
2018-12-18,2045.28
2018-12-19,2041.53
2018-12-20,2053.72
2018-12-21,2035.0
2018-12-24,2063.29
2018-12-25,2056.82
2018-12-26,2102.81
2018-12-27,2121.86
2018-12-28,2139.95
2018-12-31,2166.58
2019-01-02,2161.85
2019-01-03,2189.48
2019-01-04,2181.88
2019-01-07,2177.54
2019-01-08,2184.67
2019-01-09,2203.64
2019-01-10,2178.38
2019-01-11,2181.07
2019-01-14,2192.57
2019-01-15,2167.08
2019-01-16,2178.12
2019-01-17,2169.42
2019-01-18,2134.83
2019-01-21,2136.36
2019-01-22,2145.23
2019-01-23,2145.21
2019-01-24,2139.01
2019-01-25,2191.01
2019-01-28,2192.44
2019-01-29,2210.55
2019-01-30,2239.46
2019-01-31,2243.99
2019-02-01,2201.84
2019-02-04,2210.69
2019-02-05,2201.05
2019-02-06,2181.1
2019-02-07,2192.82
2019-02-08,2197.13
2019-02-11,2191.35
2019-02-12,2192.07
2019-02-13,2180.44
2019-02-14,2180.45
2019-02-15,2196.41
2019-02-18,2207.02
2019-02-19,2222.59
2019-02-20,2236.98
2019-02-21,2211.77
2019-02-22,2224.43
2019-02-25,2216.39
2019-02-26,2221.05
2019-02-27,2194.98
2019-02-28,2180.57
2019-03-01,2108.56
2019-03-04,2106.82
2019-03-05,2107.3
2019-03-06,2098.26
2019-03-07,2101.39
2019-03-08,2143.83
2019-03-11,2136.04
2019-03-12,2158.77
2019-03-13,2152.39
2019-03-14,2124.05
2019-03-15,2129.62
2019-03-18,2153.17
2019-03-19,2149.9
2019-03-20,2173.03
2019-03-21,2162.87
2019-03-22,2155.92
2019-03-25,2178.0
2019-03-26,2170.15
2019-03-27,2148.03
2019-03-28,2114.12
2019-03-29,2131.88
2019-04-01,2126.7
2019-04-02,2121.27
2019-04-03,2145.73
2019-04-04,2143.54
2019-04-05,2136.38
2019-04-08,2159.54
2019-04-09,2155.09
2019-04-10,2157.7
2019-04-11,2125.6
2019-04-12,2117.35
2019-04-15,2129.32
2019-04-16,2126.1
2019-04-17,2123.33
2019-04-18,2124.04
2019-04-19,2124.7
2019-04-22,2127.32
2019-04-23,2100.0
2019-04-24,2114.23
2019-04-25,2118.31
2019-04-26,2134.13
2019-04-29,2113.19
2019-04-30,2117.14
2019-05-01,2080.89
2019-05-02,2069.28
2019-05-03,2112.55
2019-05-06,2112.23
2019-05-07,2109.73
2019-05-08,2102.07
2019-05-09,2090.34
2019-05-10,2092.93
2019-05-13,2094.52
2019-05-14,2097.25
2019-05-15,2097.6
2019-05-16,2058.63
2019-05-17,2074.53
2019-05-20,2140.48
2019-05-21,2180.91
2019-05-22,2201.14
2019-05-23,2219.42
2019-05-24,2214.41
2019-05-27,2201.85
2019-05-28,2167.53
2019-05-29,2162.54
2019-05-30,2194.94
2019-05-31,2141.22
2019-06-03,2170.29
2019-06-04,2185.7
2019-06-05,2181.32
2019-06-06,2194.37
2019-06-07,2245.19
2019-06-10,2217.5
2019-06-11,2234.16
2019-06-12,2239.46
2019-06-13,2269.77
2019-06-14,2282.24
2019-06-17,2327.66
2019-06-18,2357.29
2019-06-19,2376.33
2019-06-20,2428.8
2019-06-21,2408.16
2019-06-24,2433.38
2019-06-25,2408.89
2019-06-26,2400.71
2019-06-27,2457.9
2019-06-28,2496.75
2019-07-01,2458.74
2019-07-02,2408.3
2019-07-03,2428.18
2019-07-04,2421.64
2019-07-05,2354.05
2019-07-08,2376.43
2019-07-09,2391.42
2019-07-10,2418.07
2019-07-11,2397.23
2019-07-12,2405.39
2019-07-15,2456.16
2019-07-16,2483.59
2019-07-17,2542.49
2019-07-18,2603.72
2019-07-19,2592.23
2019-07-22,2615.31
2019-07-23,2624.81
2019-07-24,2670.55
2019-07-25,2645.96
2019-07-26,2633.89
2019-07-29,2650.43
2019-07-30,2666.7
2019-07-31,2614.27
2019-08-01,2620.0
2019-08-02,2585.27
2019-08-05,2637.34
2019-08-06,2624.69
2019-08-07,2733.07
2019-08-08,2715.48
2019-08-09,2680.05
2019-08-12,2737.61
2019-08-13,2721.3
2019-08-14,2763.43
2019-08-15,2766.36
2019-08-16,2733.18
2019-08-19,2673.02
2019-08-20,2745.04
2019-08-21,2742.28
2019-08-22,2731.27
2019-08-23,2790.29
2019-08-26,2807.28
2019-08-27,2894.32
2019-08-28,2908.82
2019-08-29,2893.26
2019-08-30,2894.93
2019-09-02,2883.73
2019-09-03,3034.23
2019-09-04,3067.69
2019-09-05,2930.3
2019-09-06,2837.82
2019-09-09,2810.01
2019-09-10,2824.24
2019-09-11,2831.63
2019-09-12,2830.77
2019-09-13,2732.75
2019-09-16,2776.71
2019-09-17,2819.07
2019-09-18,2773.46
2019-09-19,2790.9
2019-09-20,2818.39
2019-09-23,2918.59
2019-09-24,2917.91
2019-09-25,2817.72
2019-09-26,2811.43
2019-09-27,2750.29
2019-09-30,2678.56
2019-10-01,2708.37
2019-10-02,2749.07
2019-10-03,2761.28
2019-10-04,2744.77
2019-10-07,2726.13
2019-10-08,2787.72
2019-10-09,2803.79
2019-10-10,2742.68
2019-10-11,2746.11
2019-10-14,2767.54
2019-10-15,2725.02
2019-10-16,2716.16
2019-10-17,2739.29
2019-10-18,2736.14
2019-10-21,2739.98
2019-10-22,2743.93
2019-10-23,2739.85
2019-10-24,2777.13
2019-10-25,2811.25
2019-10-28,2776.93
2019-10-29,2769.48
2019-10-30,2777.66
2019-10-31,2813.18
2019-11-01,2807.36
2019-11-04,2804.71
2019-11-05,2746.5
2019-11-06,2751.39
2019-11-07,2671.51
2019-11-08,2622.13
2019-11-11,2625.26
2019-11-12,2622.67
2019-11-13,2642.95
2019-11-14,2650.02
2019-11-15,2638.05
2019-11-18,2657.03
2019-11-19,2675.53
2019-11-20,2677.82
2019-11-21,2657.81
2019-11-22,2643.5
2019-11-25,2626.17
2019-11-26,2653.46
2019-11-27,2638.91
2019-11-28,2631.79
2019-11-29,2643.55
2019-12-02,2626.66
2019-12-03,2664.1
2019-12-04,2617.47
2019-12-05,2630.18
2019-12-06,2566.41
2019-12-09,2574.44
2019-12-10,2582.38
2019-12-11,2615.34
2019-12-12,2617.28
2019-12-13,2624.07
2019-12-16,2640.73
2019-12-17,2635.91
2019-12-18,2637.29
2019-12-19,2636.25
2019-12-20,2663.07
2019-12-23,2702.0
2019-12-24,2751.86
2019-12-25,2748.56
2019-12-26,2773.0
2019-12-27,2750.6
2019-12-30,2775.59
2019-12-31,2765.75
2020-01-01,2785.46
2020-01-02,2791.83
2020-01-03,2796.71
2020-01-06,2809.98
2020-01-07,2881.27
2020-01-08,2808.34
2020-01-09,2771.31
2020-01-10,2803.47
2020-01-13,2776.58
2020-01-14,2762.19
2020-01-15,2787.97
2020-01-16,2776.69
2020-01-17,2788.2
2020-01-20,2795.82
2020-01-21,2745.24
2020-01-22,2763.23
2020-01-23,2749.17
2020-01-24,2801.03
2020-01-27,2795.13
2020-01-28,2700.89
2020-01-29,2714.01
2020-01-30,2756.65
2020-01-31,2785.5
2020-02-03,2734.21
2020-02-04,2720.29
2020-02-05,2721.58
2020-02-06,2752.04
2020-02-07,2734.98
2020-02-10,2746.93
2020-02-11,2724.71
2020-02-12,2706.91
2020-02-13,2727.04
2020-02-14,2738.86
2020-02-17,2749.94
2020-02-18,2804.48
2020-02-19,2837.83
2020-02-20,2842.6
2020-02-21,2854.09
2020-02-24,2871.21
2020-02-25,2786.79
2020-02-26,2764.61
2020-02-27,2744.9
2020-02-28,2572.95
2020-03-02,2595.87
2020-03-03,2661.87
2020-03-04,2650.68
2020-03-05,2696.99
2020-03-06,2676.33
2020-03-09,2657.42
2020-03-10,2665.89
2020-03-11,2678.02
2020-03-12,2498.84
2020-03-13,2313.68
2020-03-16,2066.11
2020-03-17,2031.95
2020-03-18,1950.41
2020-03-19,1925.63
2020-03-20,1999.06
2020-03-23,2175.76
2020-03-24,2328.65
2020-03-25,2302.75
2020-03-26,2347.47
2020-03-27,2337.98
2020-03-30,2324.81
2020-03-31,2322.4
2020-04-01,2328.48
2020-04-02,2409.56
2020-04-03,2398.53
2020-04-06,2538.58
2020-04-07,2508.56
2020-04-08,2511.78
2020-04-09,2576.6
2020-04-10,2549.09
2020-04-13,2569.26
2020-04-14,2613.49
2020-04-15,2572.02
2020-04-16,2591.68
2020-04-17,2532.41
2020-04-20,2494.41
2020-04-21,2402.06
2020-04-22,2416.64
2020-04-23,2438.74
2020-04-24,2455.24
2020-04-27,2437.99
2020-04-28,2439.89
2020-04-29,2467.96
2020-04-30,2401.39
2020-05-01,2400.8
2020-05-04,2352.77
2020-05-05,2385.84
2020-05-06,2372.6
2020-05-07,2445.51
2020-05-08,2472.97
2020-05-11,2471.59
2020-05-12,2476.82
2020-05-13,2506.67
2020-05-14,2546.61
2020-05-15,2659.91
2020-05-18,2744.31
2020-05-19,2791.41
2020-05-20,2806.66
2020-05-21,2739.81
2020-05-22,2763.92
2020-05-25,2757.45
2020-05-26,2764.78
2020-05-27,2776.28
2020-05-28,2807.81
2020-05-29,2874.56
2020-06-01,2986.97
2020-06-02,2989.17
2020-06-03,2915.13
2020-06-04,2891.56
2020-06-05,2847.73
2020-06-08,2893.7
2020-06-09,2881.01
2020-06-10,2956.48
2020-06-11,2899.91
2020-06-12,2875.45
2020-06-15,2865.36
2020-06-16,2887.1
2020-06-17,2896.71
2020-06-18,2897.33
2020-06-19,2936.56
2020-06-22,2968.24
2020-06-23,3006.14
2020-06-24,2939.61
2020-06-25,2985.56
2020-06-26,2979.11
2020-06-29,3003.74
2020-06-30,3055.3
2020-07-01,3024.82
2020-07-02,3014.52
2020-07-03,3025.15
2020-07-06,3045.43
2020-07-07,3053.35
2020-07-08,3124.38
2020-07-09,3119.98
2020-07-10,3115.11
2020-07-13,3193.76
2020-07-14,3222.03
2020-07-15,3246.55
2020-07-16,3200.56
2020-07-17,3238.62
2020-07-20,3338.67
2020-07-21,3762.67
2020-07-22,3831.47
2020-07-23,3791.86
2020-07-24,3811.99
2020-07-27,4103.84
2020-07-28,4037.74
2020-07-29,4045.74
2020-07-30,3925.51
2020-07-31,4088.91
2020-08-03,4050.99
2020-08-04,4399.57
2020-08-05,4519.36
2020-08-06,4875.15
2020-08-07,4750.73
2020-08-10,4894.48
2020-08-11,4200.62
2020-08-12,4319.4
2020-08-13,4619.93
2020-08-14,4464.35
2020-08-17,4592.25
2020-08-18,4696.02
2020-08-19,4495.55
2020-08-20,4629.75
2020-08-21,4513.78
2020-08-24,4489.84
2020-08-25,4466.39
2020-08-26,4623.75
2020-08-27,4511.73
2020-08-28,4602.09
2020-08-31,4656.23
2020-09-01,4679.35
2020-09-02,4558.68
2020-09-03,4402.05
2020-09-04,4466.54
2020-09-07,4451.47
2020-09-08,4427.89
2020-09-09,4487.37
2020-09-10,4465.48
2020-09-11,4439.75
2020-09-14,4514.32
2020-09-15,4510.6
2020-09-16,4516.09
2020-09-17,4498.17
2020-09-18,4456.37
2020-09-21,4158.42
2020-09-22,4063.82
2020-09-23,3782.92
2020-09-24,3852.64
2020-09-25,3792.55
2020-09-28,3946.05
2020-09-29,4026.88
2020-09-30,3869.88
2020-10-01,3931.47
2020-10-02,3910.14
2020-10-05,4010.05
2020-10-06,3827.09
2020-10-07,3896.89
2020-10-08,3916.18
2020-10-09,4118.75
2020-10-12,4124.34
2020-10-13,3961.83
2020-10-14,3961.17
2020-10-15,3953.02
2020-10-16,3931.22
2020-10-19,3968.29
2020-10-20,4019.84
2020-10-21,4051.78
2020-10-22,3995.87
2020-10-23,3978.85
2020-10-26,3913.35
2020-10-27,3909.97
2020-10-28,3765.11
2020-10-29,3741.29
2020-10-30,3793.84
2020-11-02,3855.11
2020-11-03,3902.18
2020-11-04,3825.26
2020-11-05,4009.64
2020-11-06,4075.03
2020-11-09,3852.87
2020-11-10,3843.09
2020-11-11,3842.6
2020-11-12,3842.25
2020-11-13,3906.97
2020-11-16,3916.51
2020-11-17,3873.33
2020-11-18,3864.58
2020-11-19,3807.16
2020-11-20,3882.91
2020-11-23,3794.01
2020-11-24,3726.73
2020-11-25,3722.11
2020-11-26,3694.99
2020-11-27,3616.44
2020-11-30,3613.79
2020-12-01,3803.69
2020-12-02,3852.95
2020-12-03,3854.38
2020-12-04,3872.41
2020-12-07,3932.0
2020-12-08,3937.34
2020-12-09,3832.34
2020-12-10,3850.23
2020-12-11,3835.59
2020-12-14,3824.61
2020-12-15,3930.76
2020-12-16,4067.63
2020-12-17,4152.74
2020-12-18,4131.14
2020-12-21,4212.96
2020-12-22,4081.44
2020-12-23,4105.92
2020-12-24,4138.2
2020-12-25,4138.46
2020-12-28,4238.28
2020-12-29,4204.2
2020-12-30,4278.01
2020-12-31,4225.99
2021-01-01,4247.78
2021-01-04,4350.95
2021-01-05,4431.68
2021-01-06,4380.72
2021-01-07,4360.11
2021-01-08,4074.35
2021-01-11,4020.49
2021-01-12,4105.71
2021-01-13,4065.38
2021-01-14,4100.46
2021-01-15,3970.19
2021-01-18,4015.27
2021-01-19,4054.97
2021-01-20,4149.5
2021-01-21,4165.01
2021-01-22,4094.4
2021-01-25,4074.18
2021-01-26,4090.19
2021-01-27,4043.13
2021-01-28,4245.67
2021-01-29,4325.94
2021-02-01,4566.83
2021-02-02,4299.05
2021-02-03,4307.22
2021-02-04,4220.75
2021-02-05,4305.34
2021-02-08,4361.19
2021-02-09,4351.35
2021-02-10,4318.33
2021-02-11,4304.51
2021-02-12,4346.61
2021-02-15,4398.81
2021-02-16,4328.88
2021-02-17,4379.79
2021-02-18,4275.2
2021-02-19,4337.37
2021-02-22,4488.2
2021-02-23,4395.43
2021-02-24,4438.37
2021-02-25,4357.38
2021-02-26,4225.75
2021-03-01,4188.83
2021-03-02,4217.4
2021-03-03,4087.02
2021-03-04,3984.24
2021-03-05,3963.15
2021-03-08,3956.71
2021-03-09,4073.51
2021-03-10,4111.88
2021-03-11,4099.38
2021-03-12,4069.16
2021-03-15,4118.09
2021-03-16,4063.23
2021-03-17,4115.43
2021-03-18,4051.31
2021-03-19,4093.44
2021-03-22,4017.45
2021-03-23,3911.24
2021-03-24,3897.22
2021-03-25,3886.97
2021-03-26,3884.86
2021-03-29,3797.52
2021-03-30,3675.81
2021-03-31,3729.39
2021-04-01,3815.58
2021-04-02,3833.37
2021-04-05,3786.74
2021-04-06,3855.23
2021-04-07,3852.92
2021-04-08,3882.34
2021-04-09,3856.83
2021-04-12,3785.18
2021-04-13,3877.82
2021-04-14,3885.63
2021-04-15,3946.48
2021-04-16,3966.68
2021-04-19,3959.69
2021-04-20,3941.58
2021-04-21,4064.9
2021-04-22,4011.62
2021-04-23,3989.7
2021-04-26,4036.23
2021-04-27,4048.99
2021-04-28,4044.58
2021-04-29,4007.92
2021-04-30,3985.83
2021-05-03,4118.94
2021-05-04,4061.93
2021-05-05,4043.87
2021-05-06,4184.32
2021-05-07,4190.92
2021-05-10,4160.0
2021-05-11,4203.64
2021-05-12,4124.94
2021-05-13,4117.75
2021-05-14,4175.0
2021-05-17,4311.27
2021-05-18,4305.09
2021-05-19,4229.27
2021-05-20,4250.06
2021-05-21,4229.08
2021-05-24,4258.54
2021-05-25,4318.85
2021-05-26,4292.75
2021-05-27,4330.24
2021-05-28,4316.82
2021-05-31,4329.63
2021-06-01,4300.03
2021-06-02,4363.7
2021-06-03,4246.19
2021-06-04,4295.1
2021-06-07,4326.75
2021-06-08,4297.84
2021-06-09,4333.28
2021-06-10,4355.79
2021-06-11,4375.61
2021-06-14,4342.07
2021-06-15,4311.85
2021-06-16,4249.49
2021-06-17,4087.81
2021-06-18,4047.04
2021-06-21,4087.95
2021-06-22,4067.05
2021-06-23,4093.68
2021-06-24,4094.1
2021-06-25,4114.93
2021-06-28,4121.85
2021-06-29,4073.78
2021-06-30,4113.55
2021-07-01,4110.19
2021-07-02,4181.34
2021-07-05,4177.66
2021-07-06,4147.53
2021-07-07,4154.2
2021-07-08,4128.23
2021-07-09,4160.33
2021-07-12,4190.67
2021-07-13,4146.0
2021-07-14,4180.89
2021-07-15,4197.68
2021-07-16,4094.99
2021-07-19,4040.77
2021-07-20,4017.23
2021-07-21,4065.01
2021-07-22,4089.45
2021-07-23,4047.81
2021-07-26,4077.53
2021-07-27,4001.81
2021-07-28,4057.91
2021-07-29,4142.74
2021-07-30,4145.7
2021-08-02,4150.8
2021-08-03,4203.12
2021-08-04,4140.84
2021-08-05,4121.19
2021-08-06,3995.06
2021-08-09,3856.06
2021-08-10,3832.95
2021-08-11,3849.8
2021-08-12,3815.38
2021-08-13,3903.37
2021-08-16,3932.46
2021-08-17,3893.48
2021-08-18,3861.46
2021-08-19,3814.23
2021-08-20,3788.93
2021-08-23,3879.97
2021-08-24,3937.2
2021-08-25,3959.76
2021-08-26,3927.95
2021-08-27,4001.31
2021-08-30,4003.33
2021-08-31,3987.96
2021-09-01,4037.31
2021-09-02,3997.65
2021-09-03,4131.89
2021-09-06,4125.0
2021-09-07,4087.19
2021-09-08,4023.6
2021-09-09,4041.54
2021-09-10,3992.81
2021-09-13,3994.07
2021-09-14,4018.7
2021-09-15,4053.57
2021-09-16,3858.6
2021-09-17,3765.44
2021-09-20,3761.67
2021-09-21,3802.49
2021-09-22,3823.18
2021-09-23,3812.68
2021-09-24,3792.91
2021-09-27,3839.98
2021-09-28,3828.21
2021-09-29,3676.63
2021-09-30,3776.28
2021-10-01,3847.42
2021-10-04,3864.11
2021-10-05,3867.19
2021-10-06,3871.91
2021-10-07,3864.15
2021-10-08,3864.04
2021-10-11,3861.38
2021-10-12,3857.65
2021-10-13,3944.06
2021-10-14,4008.79
2021-10-15,3991.7
2021-10-18,3988.24
2021-10-19,4079.81
2021-10-20,4211.85
2021-10-21,4185.8
2021-10-22,4215.17
2021-10-25,4283.4
2021-10-26,4228.88
2021-10-27,4185.28
2021-10-28,4142.98
2021-10-29,4109.21
2021-11-01,4124.56
2021-11-02,4011.18
2021-11-03,4014.58
2021-11-04,4043.67
2021-11-05,4110.82
2021-11-08,4164.44
2021-11-09,4165.6
2021-11-10,4223.69
2021-11-11,4325.65
2021-11-12,4371.21
2021-11-15,4383.43
2021-11-16,4334.77
2021-11-17,4387.58
2021-11-18,4324.35
2021-11-19,4307.43
2021-11-22,4245.85
2021-11-23,4137.79
2021-11-24,4127.65
2021-11-25,4132.31
2021-11-26,4044.28
2021-11-29,4045.63
2021-11-30,4020.0
2021-12-01,3923.22
2021-12-02,3943.93
2021-12-03,3956.89
2021-12-06,3949.14
2021-12-07,3981.21
2021-12-08,3982.04
2021-12-09,3910.14
2021-12-10,3921.69
2021-12-13,3971.51
2021-12-14,3914.58
2021-12-15,3934.46
2021-12-16,3999.09
2021-12-17,3982.54
2021-12-20,3965.8
2021-12-21,4006.07
2021-12-22,4063.38
2021-12-23,4080.78
2021-12-24,4072.25
2021-12-27,4041.61
2021-12-28,4106.04
2021-12-29,4073.05
2021-12-30,4117.9
2021-12-31,4155.99
2022-01-03,4045.62
2022-01-04,4074.3
2022-01-05,4024.08
2022-01-06,3923.27
2022-01-07,3959.48
2022-01-10,3976.08
2022-01-11,4019.62
2022-01-12,4074.15
2022-01-13,4067.79
2022-01-14,4044.4
2022-01-17,4051.45
2022-01-18,4131.85
2022-01-19,4245.96
2022-01-20,4304.16
2022-01-21,4285.35
2022-01-24,4226.24
2022-01-25,4214.16
2022-01-26,4173.3
2022-01-27,4024.72
2022-01-28,3976.06
2022-01-31,3973.17
2022-02-01,3992.95
2022-02-02,3987.53
2022-02-03,3945.65
2022-02-04,3948.18
2022-02-07,4022.41
2022-02-08,4044.17
2022-02-09,4071.74
2022-02-10,4052.56
2022-02-11,4121.21
2022-02-14,4190.45
2022-02-15,4109.21
2022-02-16,4153.89
2022-02-17,4191.42
2022-02-18,4197.87
2022-02-21,4233.77
2022-02-22,4250.1
2022-02-23,4332.72
2022-02-24,4268.68
2022-02-25,4250.07
2022-02-28,4333.5
2022-03-01,4505.96
2022-03-02,4485.99
2022-03-03,4486.24
2022-03-04,4603.18
2022-03-07,4572.79
2022-03-08,4707.93
2022-03-09,4591.62
2022-03-10,4634.66
2022-03-11,4614.03
2022-03-14,4491.91
2022-03-15,4471.43
2022-03-16,4518.65
2022-03-17,4564.01
2022-03-18,4466.37
2022-03-21,4579.59
2022-03-22,4489.24
2022-03-23,4577.19
2022-03-24,4656.26
2022-03-25,4632.72
2022-03-28,4547.44
2022-03-29,4513.57
2022-03-30,4545.96
2022-03-31,4522.64
2022-04-01,4526.38
2022-04-04,4513.82
2022-04-05,4480.12
2022-04-06,4542.75
2022-04-07,4583.9
2022-04-08,4615.8
2022-04-11,4592.45
2022-04-12,4623.62
2022-04-13,4660.66
2022-04-14,4651.59
2022-04-15,4667.18
2022-04-18,4720.21
2022-04-19,4620.56
2022-04-20,4673.72
2022-04-21,4627.47
2022-04-22,4528.18
2022-04-25,4416.29
2022-04-26,4382.68
2022-04-27,4366.66
2022-04-28,4364.69
2022-04-29,4363.02
2022-05-02,4204.9
2022-05-03,4195.86
2022-05-04,4271.8
2022-05-05,4176.78
2022-05-06,4151.69
2022-05-09,4104.56
2022-05-10,4014.38
2022-05-11,4097.91
2022-05-12,3992.86
2022-05-13,4047.83
2022-05-16,4186.71
2022-05-17,4239.88
2022-05-18,4245.1
2022-05-19,4400.85
2022-05-20,4359.78
2022-05-23,4381.57
2022-05-24,4446.59
2022-05-25,4456.86
2022-05-26,4458.21
2022-05-27,4423.95
2022-05-30,4366.9
2022-05-31,4284.81
2022-06-01,4313.1
2022-06-02,4411.54
2022-06-03,4333.36
2022-06-06,4415.54
2022-06-07,4484.07
2022-06-08,4414.79
2022-06-09,4364.36
2022-06-10,4421.24
2022-06-13,4304.24
2022-06-14,4342.81
2022-06-15,4472.54
2022-06-16,4561.04
2022-06-17,4535.55
2022-06-20,4544.05
2022-06-21,4596.67
2022-06-22,4525.01
2022-06-23,4404.04
2022-06-24,4408.15
2022-06-27,4387.42
2022-06-28,4290.61
2022-06-29,4255.58
2022-06-30,4137.23
2022-07-01,4064.82
2022-07-04,4087.75
2022-07-05,3963.68
2022-07-06,3999.96
2022-07-07,3990.8
2022-07-08,3990.32
2022-07-11,3980.85
2022-07-12,3924.16
2022-07-13,4052.89
2022-07-14,3868.61
2022-07-15,3943.07
2022-07-18,4031.78
2022-07-19,4149.21
2022-07-20,4203.25
2022-07-21,4274.67
2022-07-22,4250.92
2022-07-25,4233.01
2022-07-26,4335.74
2022-07-27,4520.02
2022-07-28,4782.7
2022-07-29,4865.82
2022-08-01,4862.8
2022-08-02,4756.08
2022-08-03,4614.13
2022-08-04,4552.98
2022-08-05,4463.31
2022-08-08,4634.8
2022-08-09,4603.43
2022-08-10,4553.0
2022-08-11,4460.07
2022-08-12,4547.75
2022-08-15,4328.35
2022-08-16,4304.5
2022-08-17,4268.09
2022-08-18,4200.84
2022-08-19,4092.61
2022-08-22,4100.31
2022-08-23,4164.83
2022-08-24,4185.69
2022-08-25,4231.98
2022-08-26,4176.08
2022-08-29,4562.27
2022-08-30,4069.87
2022-08-31,3925.25
2022-09-01,3890.6
2022-09-02,3960.56
2022-09-05,3985.93
2022-09-06,3997.37
2022-09-07,4137.79
2022-09-08,4154.37
2022-09-09,4271.62
2022-09-12,4567.06
2022-09-13,4482.57
2022-09-14,4617.28
2022-09-15,4545.15
2022-09-16,4646.58
2022-09-19,4660.37
2022-09-20,4614.5
2022-09-21,4704.92
2022-09-22,4706.19
2022-09-23,4526.94
2022-09-26,4351.62
2022-09-27,4328.23
2022-09-28,4406.53
2022-09-29,4334.95
2022-09-30,4340.03
2022-10-03,4646.39
2022-10-04,4588.06
2022-10-05,4644.11
2022-10-06,4585.82
2022-10-07,4488.98
2022-10-10,4299.48
2022-10-11,4170.7
2022-10-12,4154.3
2022-10-13,4125.12
2022-10-14,3988.74
2022-10-17,4091.95
2022-10-18,4117.55
2022-10-19,4082.33
2022-10-20,4119.86
2022-10-21,4286.55
2022-10-24,4226.1
2022-10-25,4255.12
2022-10-26,4277.4
2022-10-27,4340.3
2022-10-28,4263.67
2022-10-31,4227.36
2022-11-01,4339.52
2022-11-02,4272.07
2022-11-03,4315.43
2022-11-04,4570.79
2022-11-07,4611.73
2022-11-08,4730.77
2022-11-09,4669.45
2022-11-10,4805.19
2022-11-11,4809.8
2022-11-14,4871.57
2022-11-15,4787.47
2022-11-16,4777.73
2022-11-17,4668.42
2022-11-18,4667.08
2022-11-21,4677.1
2022-11-22,4726.47
2022-11-23,4825.97
2022-11-24,4828.63
2022-11-25,4833.58
2022-11-28,4698.27
2022-11-29,4771.44
2022-11-30,4980.45
2022-12-01,5101.34
2022-12-02,5144.9
2022-12-05,4997.77
2022-12-06,4979.14
2022-12-07,5105.7
2022-12-08,5180.21
2022-12-09,5281.12
2022-12-12,5238.83
2022-12-13,5337.43
2022-12-14,5377.39
2022-12-15,5190.07
2022-12-16,5190.38
2022-12-19,5172.17
2022-12-20,5440.2
2022-12-21,5415.41
2022-12-22,5328.16
2022-12-23,5376.67
2022-12-26,5370.16
2022-12-27,5446.04
2022-12-28,5334.24
2022-12-29,5415.17
2022-12-30,5408.18
2023-01-02,5448.86
2023-01-03,5448.19
2023-01-04,5395.88
2023-01-05,5279.72
2023-01-06,5422.86
2023-01-09,5386.79
2023-01-10,5398.35
2023-01-11,5354.35
2023-01-12,5431.47
2023-01-13,5555.41
2023-01-16,5558.62
2023-01-17,5485.09
2023-01-18,5364.26
2023-01-19,5367.03
2023-01-20,5503.59
2023-01-23,5422.39
2023-01-24,5479.33
2023-01-25,5523.49
2023-01-26,5799.57
2023-01-27,5911.81
2023-01-30,6260.74
2023-01-31,6358.38
2023-02-01,6426.66
2023-02-02,6338.44
2023-02-03,6040.89
2023-02-06,6128.83
2023-02-07,6116.19
2023-02-08,6126.16
2023-02-09,5934.05
2023-02-10,5976.12
2023-02-13,5875.06
2023-02-14,5845.34
2023-02-15,5756.98
2023-02-16,5694.11
2023-02-17,5727.95
2023-02-20,5712.06
2023-02-21,5736.17
2023-02-22,5631.77
2023-02-23,5564.72
2023-02-24,5402.14
2023-02-27,5335.81
2023-02-28,5465.08
2023-03-01,5504.08
2023-03-02,5829.22
2023-03-03,5928.58
2023-03-06,5777.59
2023-03-07,5571.24
2023-03-08,5585.65
2023-03-09,5546.3
2023-03-10,5733.08
2023-03-13,6148.14
2023-03-14,6119.33
2023-03-15,6172.88
2023-03-16,6130.58
2023-03-17,6367.2
2023-03-20,6356.21
2023-03-21,6305.38
2023-03-22,6483.56
2023-03-23,6518.28
2023-03-24,6577.64
2023-03-27,6544.51
2023-03-28,6616.33
2023-03-29,6609.35
2023-03-30,6778.76
2023-03-31,6840.86
2023-04-03,6833.19
2023-04-04,7178.83
2023-04-05,7194.26
2023-04-06,7187.61
2023-04-07,7093.18
2023-04-10,7068.89
2023-04-11,7229.67
2023-04-12,7350.36
2023-04-13,7303.03
2023-04-14,7223.46
2023-04-17,7062.63
2023-04-18,7155.16
2023-04-19,7093.81
2023-04-20,7164.81
2023-04-21,7110.47
2023-04-24,7015.38
2023-04-25,7098.5
2023-04-26,7012.13
2023-04-27,7070.5
2023-04-28,7106.68
2023-05-01,7082.1
2023-05-02,7192.22
2023-05-03,7290.96
2023-05-04,7395.14
2023-05-05,7284.3
2023-05-08,7250.15
2023-05-09,7300.91
2023-05-10,7215.26
2023-05-11,7146.36
2023-05-12,7088.21
2023-05-15,6863.78
2023-05-16,6775.54
2023-05-17,6769.73
2023-05-18,6716.18
2023-05-19,6813.99
2023-05-22,6774.86
2023-05-23,6732.14
2023-05-24,6607.17
2023-05-25,6493.5
2023-05-26,6656.38
2023-05-29,6600.28
2023-05-30,6629.43
2023-05-31,6714.24
2023-06-01,6811.94
2023-06-02,6748.17
2023-06-05,6730.02
2023-06-06,6762.11
2023-06-07,6723.74
2023-06-08,6967.36
2023-06-09,6967.14
2023-06-12,6920.45
2023-06-13,6805.83
2023-06-14,6820.89
2023-06-15,6862.89
2023-06-16,6955.4
2023-06-19,6893.91
2023-06-20,6655.67
2023-06-21,6515.9
2023-06-22,6375.33
2023-06-23,6424.19
2023-06-26,6526.35
2023-06-27,6525.67
2023-06-28,6512.57
2023-06-29,6467.95
2023-06-30,6523.89
2023-07-03,6557.56
2023-07-04,6571.27
2023-07-05,6410.85
2023-07-06,6290.74
2023-07-07,6416.59
2023-07-10,6420.85
2023-07-11,6401.99
2023-07-12,6702.34
2023-07-13,6803.42
2023-07-14,6923.35
2023-07-17,6851.59
2023-07-18,7069.46
2023-07-19,7135.36
2023-07-20,7053.05
2023-07-21,7039.83
2023-07-24,7001.67
2023-07-25,7069.96
2023-07-26,7154.84
2023-07-27,6933.42
2023-07-28,6971.84
2023-07-31,7095.35
2023-08-01,7001.85
2023-08-02,6767.95
2023-08-03,6750.69
2023-08-04,6700.88
2023-08-07,6553.54
2023-08-08,6554.94
2023-08-09,6519.1
2023-08-10,6529.56
2023-08-11,6542.19
2023-08-14,6465.99
2023-08-15,6561.06
2023-08-16,6589.35
2023-08-17,6711.29
2023-08-18,6710.81
2023-08-21,6751.91
2023-08-22,6968.93
2023-08-23,7268.06
2023-08-24,7243.26
2023-08-25,7315.57
2023-08-28,7353.92
2023-08-29,7524.03
2023-08-30,7501.22
2023-08-31,7406.13
2023-09-01,7406.14
2023-09-04,7354.78
2023-09-05,7254.18
2023-09-06,7127.14
2023-09-07,7028.76
2023-09-08,6994.11
2023-09-11,6903.14
2023-09-12,6913.17
2023-09-13,6746.14
2023-09-14,6744.92
2023-09-15,6842.57
2023-09-18,6834.07
2023-09-19,6837.64
2023-09-20,6769.9
2023-09-21,6813.06
2023-09-22,6900.14
2023-09-25,6718.42
2023-09-26,6578.38
2023-09-27,6528.38
2023-09-28,6515.92
2023-09-29,6382.58
2023-10-02,6046.11
2023-10-03,6050.8
2023-10-04,5978.19
2023-10-05,5958.61
2023-10-06,6124.89
2023-10-09,6157.85
2023-10-10,6120.15
2023-10-11,6153.54
2023-10-12,6076.39
2023-10-13,6301.75
2023-10-16,6249.9
2023-10-17,6302.78
2023-10-18,6322.22
2023-10-19,6380.17
2023-10-20,6506.65
2023-10-23,6398.86
2023-10-24,6402.61
2023-10-25,6358.34
2023-10-26,6390.54
2023-10-27,6420.0
2023-10-30,6513.9
2023-10-31,6423.13
2023-11-01,6442.63
2023-11-02,6427.37
2023-11-03,6550.18
2023-11-06,6574.52
2023-11-07,6415.02
2023-11-08,6475.17
2023-11-09,6460.76
2023-11-10,6310.43
2023-11-13,6340.2
2023-11-14,6643.58
2023-11-15,6762.07
2023-11-16,6839.18
2023-11-17,6841.39
2023-11-20,6713.63
2023-11-21,6792.37
2023-11-22,6728.93
2023-11-23,6685.98
2023-11-24,6952.6
2023-11-27,6999.96
2023-11-28,7163.55
2023-11-29,7137.05
2023-11-30,7211.65
2023-12-01,7265.25
2023-12-04,6891.56
2023-12-05,6875.4
2023-12-06,6810.5
2023-12-07,6758.17
2023-12-08,6537.42
2023-12-11,6479.59
2023-12-12,6465.98
2023-12-13,6750.47
2023-12-14,6848.93
2023-12-15,6766.29
2023-12-18,6658.25
2023-12-19,6750.6
2023-12-20,6826.67
2023-12-21,6917.67
2023-12-22,6757.3
2023-12-25,6771.56
2023-12-26,6838.2
2023-12-27,6845.42
2023-12-28,6752.84
2023-12-29,6619.77
2024-01-01,6648.39
2024-01-02,6667.68
2024-01-03,6489.29
2024-01-04,6489.17
2024-01-05,6528.69
2024-01-08,6496.75
2024-01-09,6462.48
2024-01-10,6441.68
2024-01-11,6420.5
2024-01-12,6506.69
2024-01-15,6496.19
2024-01-16,6424.61
2024-01-17,6321.6
2024-01-18,6316.51
2024-01-19,6334.04
2024-01-22,6171.97
2024-01-23,6278.72
2024-01-24,6347.04
2024-01-25,6418.06
2024-01-26,6379.14
2024-01-29,6435.95
2024-01-30,6470.8
2024-01-31,6406.5
2024-02-01,6475.25
2024-02-02,6344.0
2024-02-05,6198.36
2024-02-06,6267.99
2024-02-07,6196.31
2024-02-08,6309.27
2024-02-09,6316.54
2024-02-12,6340.28
2024-02-13,6169.0
2024-02-14,6249.69
2024-02-15,6416.69
2024-02-16,6544.91
2024-02-19,6355.28
2024-02-20,6435.46
2024-02-21,6401.05
2024-02-22,6359.91
2024-02-23,6419.83
2024-02-26,6280.19
2024-02-27,6281.07
2024-02-28,6258.23
2024-02-29,6294.22
2024-03-01,6466.09
2024-03-04,6690.13
2024-03-05,6621.86
2024-03-06,6760.51
2024-03-07,6772.36
2024-03-08,6790.32
2024-03-11,6836.44
2024-03-12,6736.04
2024-03-13,6979.33
2024-03-14,6919.68
2024-03-15,7022.35
2024-03-18,6982.1
2024-03-19,6940.24
2024-03-20,7149.07
2024-03-21,6887.9
2024-03-22,6867.9
2024-03-25,6860.16
2024-03-26,6788.25
2024-03-27,6840.41
2024-03-28,6938.94
2024-03-29,6937.84
2024-04-01,6996.07
2024-04-02,7283.74
2024-04-03,7579.08
2024-04-04,7477.11
2024-04-05,7627.65
2024-04-08,7722.76
2024-04-09,7832.91
2024-04-10,7750.75
2024-04-11,7916.59
2024-04-12,7766.75
2024-04-15,8047.71
2024-04-16,7836.84
2024-04-17,7852.15
2024-04-18,7862.74
2024-04-19,7989.11
2024-04-22,7581.39
2024-04-23,7595.28
2024-04-24,7573.93
2024-04-25,7643.39
2024-04-26,7563.25
2024-04-29,7541.13
2024-04-30,7327.99
2024-05-01,7420.45
2024-05-02,7438.44
2024-05-03,7396.97
2024-05-06,7643.31
2024-05-07,7578.37
2024-05-08,7610.97
2024-05-09,7885.15
2024-05-10,7835.07
2024-05-13,7864.94
2024-05-14,7953.8
2024-05-15,8280.82
2024-05-16,8262.65
2024-05-17,8752.97
2024-05-20,8875.52
2024-05-21,8925.47
2024-05-22,8596.69
2024-05-23,8395.82
2024-05-24,8440.03
2024-05-27,8802.37
2024-05-28,8944.04
2024-05-29,8919.9
2024-05-30,8689.75
2024-05-31,8466.48
2024-06-03,8558.32
2024-06-04,8223.35
2024-06-05,8356.97
2024-06-06,8724.34
2024-06-07,8127.86
2024-06-10,8277.53
2024-06-11,8160.02
2024-06-12,8246.87
2024-06-13,8066.47
2024-06-14,8237.6
2024-06-17,8215.45
2024-06-18,8223.19
2024-06-19,8298.01
2024-06-20,8566.04
2024-06-21,8229.8
2024-06-24,8237.78
2024-06-25,8061.3
2024-06-26,8011.47
2024-06-27,8061.83
2024-06-28,8116.06
2024-07-01,8196.12
2024-07-02,8240.24
2024-07-03,8487.19
2024-07-04,8462.31
2024-07-05,8678.38
2024-07-08,8583.4
2024-07-09,8552.98
2024-07-10,8589.74
2024-07-11,8737.41
2024-07-12,8558.48
2024-07-15,8523.02
2024-07-16,8700.26
2024-07-17,8447.14
2024-07-18,8301.45
2024-07-19,8133.04
2024-07-22,8095.3
2024-07-23,8118.47
2024-07-24,8047.05
2024-07-25,7749.99
2024-07-26,7765.49
2024-07-29,7772.01
2024-07-30,7915.52
2024-07-31,8105.21
2024-08-01,7946.59
2024-08-02,7967.4
2024-08-05,7598.92
2024-08-06,7507.14
2024-08-07,7413.84
2024-08-08,7669.25
2024-08-09,7655.77
2024-08-12,7796.96
2024-08-13,7762.63
2024-08-14,7681.22
2024-08-15,7896.92
2024-08-16,8047.51
2024-08-19,8211.7
2024-08-20,8194.44
2024-08-21,8250.58
2024-08-22,8078.71
2024-08-23,8311.66
2024-08-26,8327.73
2024-08-27,8358.64
2024-08-28,8117.04
2024-08-29,8209.47
2024-08-30,8037.62
2024-09-02,7954.98
2024-09-03,7816.46
2024-09-04,7838.25
2024-09-05,8026.44
2024-09-06,7781.71
2024-09-09,7901.05
2024-09-10,7924.5
2024-09-11,8004.17
2024-09-12,8334.3
2024-09-13,8558.53
2024-09-16,8561.32
2024-09-17,8557.17
2024-09-18,8389.0
2024-09-19,8577.55
2024-09-20,8663.95
2024-09-23,8537.14
2024-09-24,8938.87
2024-09-25,8851.04
2024-09-26,8896.85
2024-09-27,8784.48
2024-09-30,8652.91
2024-10-01,8712.37
2024-10-02,8847.04
2024-10-03,8901.17
2024-10-04,8936.27
2024-10-07,8786.73
2024-10-08,8522.57
2024-10-09,8469.0
2024-10-10,8642.9
2024-10-11,8759.13
2024-10-14,8677.19
2024-10-15,8746.32
2024-10-16,8803.34
2024-10-17,8792.96
2024-10-18,9360.73
2024-10-21,9393.91
2024-10-22,9668.56
2024-10-23,9363.91
2024-10-24,9349.07
2024-10-25,9371.08
2024-10-28,9362.5
2024-10-29,9570.78
2024-10-30,9378.47
2024-10-31,9073.8
2024-11-01,9015.53
2024-11-04,9019.71
2024-11-05,9076.84
2024-11-06,8663.04
2024-11-07,8903.71
2024-11-08,8704.21
2024-11-11,8526.22
2024-11-12,8527.12
2024-11-13,8441.59
2024-11-14,8443.38
2024-11-15,8400.59
2024-11-18,8661.33
2024-11-19,8690.36
2024-11-20,8583.71
2024-11-21,8553.69
2024-11-22,8706.94
2024-11-25,8425.43
2024-11-26,8431.28
2024-11-27,8364.22
2024-11-28,8400.13
2024-11-29,8514.31
2024-12-02,8499.19
2024-12-03,8617.63
2024-12-04,8709.61
2024-12-05,8719.7
2024-12-06,8612.67
2024-12-09,8853.55
2024-12-10,8879.28
2024-12-11,8857.9
2024-12-12,8606.37
2024-12-13,8492.69
2024-12-16,8486.03
2024-12-17,8483.34
2024-12-18,8172.39
2024-12-19,8080.32
2024-12-20,8207.31
2024-12-23,8290.68
2024-12-24,8241.8
2024-12-25,8257.63
2024-12-26,8263.44
2024-12-27,8174.26
2024-12-30,8051.64
2024-12-31,8035.24
2025-01-01,8068.24
2025-01-02,8231.17
2025-01-03,8248.78
2025-01-06,8340.61
2025-01-07,8375.53
2025-01-08,8403.06
2025-01-09,8401.88
2025-01-10,8468.14
2025-01-13,8274.7
2025-01-14,8326.24
2025-01-15,8550.67
2025-01-16,8580.83
2025-01-17,8457.87
2025-01-20,8526.7
2025-01-21,8573.65
2025-01-22,8580.66
2025-01-23,8493.23
2025-01-24,8522.38
2025-01-27,8422.63
2025-01-28,8488.06
2025-01-29,8596.26
2025-01-30,8809.75
2025-01-31,8729.98
2025-02-03,8791.04
2025-02-04,8969.91
2025-02-05,9024.06
2025-02-06,8998.36
2025-02-07,8880.96
2025-02-10,8944.88
2025-02-11,8882.09
2025-02-12,8997.88
2025-02-13,9047.73
2025-02-14,8976.77
2025-02-17,9031.62
2025-02-18,9188.18
2025-02-19,9139.23
2025-02-20,9206.91
2025-02-21,9083.46
2025-02-24,9040.82
2025-02-25,8887.74
2025-02-26,8916.07
2025-02-27,8732.32
2025-02-28,8714.77
2025-03-03,8861.79
2025-03-04,8941.56
2025-03-05,9132.97
2025-03-06,9143.67
2025-03-07,9111.15
2025-03-10,9402.5
2025-03-11,9224.09
2025-03-12,9315.64
2025-03-13,9478.47
2025-03-14,9451.52
2025-03-17,9485.09
2025-03-18,9526.41
2025-03-19,9487.52
2025-03-20,9398.04
2025-03-21,9257.45
2025-03-24,9248.15
2025-03-25,9458.89
2025-03-26,9436.9
2025-03-27,9644.9
2025-03-28,9554.2
2025-03-31,9541.39
2025-04-01,9446.18
2025-04-02,9408.07
2025-04-03,8930.99
2025-04-04,8300.13
2025-04-07,8436.39
2025-04-08,8358.29
2025-04-09,8697.37
2025-04-10,8739.09
2025-04-11,9047.49
2025-04-14,9076.57
2025-04-15,9066.88
2025-04-16,9183.67
2025-04-17,9116.73
2025-04-18,9116.73
2025-04-21,9183.53
2025-04-22,9055.89
2025-04-23,9440.87
2025-04-24,9452.29
2025-04-25,9299.3
2025-04-28,9309.43
2025-04-29,9256.76
2025-04-30,9172.57
2025-05-01,9137.04
2025-05-02,9035.14
2025-05-05,9151.85
2025-05-06,9336.22
2025-05-07,9148.75
2025-05-08,9144.42
2025-05-09,9228.54
2025-05-12,9159.38
2025-05-13,9251.83
2025-05-14,9053.89
2025-05-15,9200.28
2025-05-16,9085.95
2025-05-19,9144.28
2025-05-20,9355.95
2025-05-21,9426.95
2025-05-22,9312.97
2025-05-23,9443.83
2025-05-26,9441.16
2025-05-27,9414.72
2025-05-28,9324.01
2025-05-29,9399.8
2025-05-30,9292.73
2025-06-02,9788.16
2025-06-03,9804.67
2025-06-04,9731.72
2025-06-05,10078.0
2025-06-06,10153.0
2025-06-09,10369.0
2025-06-10,10314.0
2025-06-11,10242.0
2025-06-12,10250.0
2025-06-13,10276.0
2025-06-16,10279.0
2025-06-17,10520.0
2025-06-18,10418.0
2025-06-19,10318.0
2025-06-20,10227.0
2025-06-23,10140.0
2025-06-24,10235.0
2025-06-25,10312.0
2025-06-26,10396.0
2025-06-27,10211.0
2025-06-30,10249.0
2025-07-01,10228.0
2025-07-02,10411.0
2025-07-03,10460.0
2025-07-04,10481.0
2025-07-07,10460.0
2025-07-08,10442.0
2025-07-09,10354.0
2025-07-10,10565.0
2025-07-11,10927.0
2025-07-14,10861.0
2025-07-15,10747.0
2025-07-16,10811.0
2025-07-17,10852.0
2025-07-18,10891.0
2025-07-21,11112.0
2025-07-22,11194.0
2025-07-23,11207.0
2025-07-24,11134.0
2025-07-25,10829.0
2025-07-28,10811.0
2025-07-29,10819.0
2025-07-30,10527.0
2025-07-31,10407.0
2025-08-01,10488.0
2025-08-04,10592.0
2025-08-05,10706.0
2025-08-06,10737.0
2025-08-07,10858.0
2025-08-08,10869.0
2025-08-11,10680.0
2025-08-12,10769.0
2025-08-13,10940.0
2025-08-14,10763.0
2025-08-15,10719.0
2025-08-18,10738.0
2025-08-19,10584.0
2025-08-20,10737.0
2025-08-21,10796.0
2025-08-22,11029.0
2025-08-25,10902.0
2025-08-26,10931.0
2025-08-27,10926.0
2025-08-28,11084.0
2025-08-29,11197.0
2025-09-01,11540.0
2025-09-02,11568.0
2025-09-03,11615.0
2025-09-04,11534.0
2025-09-05,11642.0
2025-09-08,11687.0
2025-09-09,11511.0
2025-09-10,11648.0
2025-09-11,11754.0
2025-09-12,11877.0
2025-09-15,12022.0
2025-09-16,11993.0
2025-09-17,11798.0
2025-09-18,11828.0
2025-09-19,12231.0
2025-09-22,12476.0
2025-09-23,12465.0
2025-09-24,12424.0
2025-09-25,12755.0
2025-09-26,12960.0
2025-09-29,13234.0
2025-09-30,13184.0
2025-10-01,13327.0
2025-10-02,13254.0
2025-10-03,13505.0
2025-10-06,13712.0
2025-10-07,13572.0
2025-10-08,13842.0
2025-10-09,13903.0
2025-10-10,14137.0
2025-10-13,14833.0
2025-10-14,14562.0
2025-10-15,14896.0
2025-10-16,15188.0
2025-10-17,14735.0
2025-10-20,14878.0
2025-10-21,13705.0
2025-10-22,13673.0
2025-10-23,13765.0
2025-10-24,13657.0
2025-10-27,13260.0
2025-10-28,13286.0
2025-10-29,13486.0
2025-10-30,13798.0
2025-10-31,13673.0
2025-11-03,13549.0
2025-11-04,13325.0
2025-11-05,13555.0
2025-11-06,13610.0
2025-11-07,13653.0
2025-11-10,14299.0
2025-11-11,14511.0
2025-11-12,15081.0
2025-11-13,14785.0
2025-11-14,14301.0
2025-11-17,14117.0
2025-11-18,14292.0
2025-11-19,14505.0
2025-11-20,14338.0
2025-11-21,14034.0
2025-11-24,14428.0
2025-11-25,14463.0
2025-11-26,15014.0
2025-11-27,15092.0
2025-11-28,15979.0
2025-12-01,16338.0
2025-12-02,16449.0
2025-12-03,16473.0
2025-12-04,16077.0
2025-12-05,16374.0
2025-12-08,16422.0
2025-12-09,17072.0
2025-12-10,17383.0
2025-12-11,17824.0
2025-12-12,17363.0
2025-12-15,17968.0
2025-12-16,17872.0
2025-12-17,18556.0
2025-12-18,18378.0
2025-12-19,18813.0
2025-12-22,19395.0
2025-12-23,20091.0
2025-12-24,20147.0
2025-12-25,20459.0
2025-12-26,22212.0
2025-12-29,20144.0
2025-12-30,21118.0
2025-12-31,20027.0
2026-01-01,20279.0
2026-01-02,20394.0
2026-01-05,21345.0
2026-01-06,23090.0
2026-01-07,22026.0
2026-01-08,21694.0
2026-01-09,22373.0
2026-01-12,23445.0
2026-01-13,24568.0
2026-01-14,25694.0
2026-01-15,25421.0
2026-01-16,25230.0
2026-01-19,26341.0
2026-01-20,26408.0
2026-01-21,25686.0
2026-01-22,26993.0
2026-01-23,28893.0
2026-01-26,29798.0
2026-01-27,31247.0
2026-01-28,32645.0
2026-01-29,32414.0
2026-01-30,23709.0
2026-02-02,22899.0
2026-02-03,23475.0
2026-02-04,24928.0
2026-02-05,19286.0
2026-02-06,21837.0
2026-02-09,22811.0
2026-02-10,22779.0
2026-02-11,23493.0
2026-02-12,21118.0
2026-02-13,21652.0
2026-02-16,21467.0
2026-02-17,20538.0
2026-02-18,21649.0
2026-02-19,21940.0
2026-02-20,23687.0
2026-02-23,24655.0
2026-02-24,24265.0
2026-02-25,24859.0
2026-02-26,24606.0
2026-02-27,26187.0
2026-03-02,25083.0
2026-03-03,23040.0
2026-03-04,23343.0
2026-03-05,23062.0
2026-03-06,23649.0
2026-03-09,24409.0
2026-03-10,24809.0
2026-03-11,23822.0
2026-03-12,23625.0
2026-03-13,22507.0
2026-03-16,22556.0
2026-03-17,22063.0
2026-03-18,21063.0
2026-03-19,20425.0
2026-03-20,18959.0
2026-03-23,19342.0
2026-03-24,19934.0
2026-03-25,19893.0
2026-03-26,19121.0
2026-03-27,19472.0
2026-03-30,19579.0
2026-03-31,21018.0
2026-04-01,20949.0
2026-04-02,20376.0
2026-04-03,20324.0
